X,CH1,CH2,CH3,CH4,Start,Increment,
Sequence,Volt,Volt,Volt,Volt,-1.329000e+00,5.000000e-04
0,3.80e+00,8.80e-01,2.00e+00,2.64e+00,
1,-8.00e-01,5.60e-01,1.76e+00,2.28e+00,
2,3.80e+00,7.20e-01,1.76e+00,2.64e+00,
3,-4.00e-01,8.00e-01,2.00e+00,2.28e+00,
4,3.80e+00,8.00e-01,2.00e+00,2.60e+00,
5,-4.00e-01,7.20e-01,1.80e+00,2.36e+00,
6,4.00e+00,8.80e-01,2.24e+00,2.96e+00,
7,-4.00e-01,6.40e-01,1.72e+00,2.24e+00,
8,3.80e+00,8.00e-01,2.04e+00,2.36e+00,
9,-2.00e-01,7.20e-01,1.76e+00,2.56e+00,
10,3.80e+00,8.00e-01,1.76e+00,2.36e+00,
11,-4.00e-01,7.20e-01,2.00e+00,2.64e+00,
12,0.00e+00,7.20e-01,1.80e+00,2.36e+00,
13,3.80e+00,8.00e-01,2.00e+00,2.60e+00,
14,3.80e+00,7.20e-01,1.76e+00,2.60e+00,
15,-2.00e-01,8.00e-01,2.00e+00,2.36e+00,
16,3.80e+00,7.20e-01,1.80e+00,2.60e+00,
17,-4.00e-01,8.00e-01,2.00e+00,2.36e+00,
18,3.80e+00,7.20e-01,1.80e+00,2.36e+00,
19,-4.00e-01,8.00e-01,2.00e+00,2.60e+00,
20,3.80e+00,8.00e-01,1.80e+00,2.36e+00,
21,-2.00e-01,7.20e-01,2.04e+00,2.64e+00,
22,3.80e+00,8.00e-01,2.00e+00,2.60e+00,
23,-2.00e-01,7.20e-01,1.76e+00,2.36e+00,
24,3.80e+00,8.00e-01,2.00e+00,2.60e+00,
25,-2.00e-01,7.20e-01,1.76e+00,2.36e+00,
26,3.80e+00,7.20e-01,1.96e+00,2.40e+00,
27,-4.00e-01,8.00e-01,1.80e+00,2.56e+00,
28,3.80e+00,7.20e-01,1.72e+00,2.68e+00,
29,-6.00e-01,8.80e-01,2.04e+00,2.36e+00,
30,-4.00e-01,8.80e-01,2.16e+00,2.60e+00,
31,4.20e+00,6.40e-01,1.76e+00,2.28e+00,
32,3.80e+00,7.20e-01,1.76e+00,2.64e+00,
33,-4.00e-01,8.00e-01,2.00e+00,2.36e+00,
34,3.80e+00,7.20e-01,1.80e+00,2.60e+00,
35,-4.00e-01,8.00e-01,2.00e+00,2.36e+00,
36,3.80e+00,7.20e-01,1.76e+00,2.60e+00,
37,-4.00e-01,8.00e-01,2.00e+00,2.36e+00,
38,3.80e+00,8.00e-01,1.96e+00,2.40e+00,
39,-4.00e-01,7.20e-01,1.76e+00,2.60e+00,
40,3.80e+00,7.20e-01,2.00e+00,2.36e+00,
41,-4.00e-01,8.00e-01,1.76e+00,2.60e+00,
42,3.80e+00,8.00e-01,1.96e+00,2.36e+00,
43,-4.00e-01,7.20e-01,1.76e+00,2.56e+00,
44,3.80e+00,8.00e-01,1.96e+00,2.60e+00,
45,-4.00e-01,7.20e-01,1.72e+00,2.36e+00,
46,0.00e+00,7.20e-01,1.96e+00,2.36e+00,
47,3.80e+00,8.00e-01,1.72e+00,2.60e+00,
48,-4.00e-01,7.20e-01,1.76e+00,2.56e+00,
49,3.80e+00,8.00e-01,1.96e+00,2.36e+00,
50,0.00e+00,8.00e-01,1.72e+00,2.60e+00,
51,3.80e+00,7.20e-01,1.96e+00,2.40e+00,
52,0.00e+00,8.00e-01,1.96e+00,2.60e+00,
53,3.80e+00,7.20e-01,1.72e+00,2.36e+00,
54,3.80e+00,7.20e-01,2.04e+00,2.36e+00,
55,-2.00e-01,8.00e-01,1.72e+00,2.68e+00,
56,4.60e+00,8.80e-01,1.76e+00,2.60e+00,
57,-4.00e-01,6.40e-01,2.16e+00,2.32e+00,
58,-2.00e-01,8.00e-01,1.72e+00,2.36e+00,
59,4.00e+00,7.20e-01,1.96e+00,2.60e+00,
60,3.80e+00,7.20e-01,1.76e+00,2.40e+00,
61,-4.00e-01,8.00e-01,1.96e+00,2.60e+00,
62,3.80e+00,7.20e-01,1.76e+00,2.36e+00,
63,-4.00e-01,8.00e-01,1.96e+00,2.60e+00,
64,3.80e+00,8.00e-01,1.96e+00,2.40e+00,
65,-2.00e-01,7.20e-01,1.76e+00,2.60e+00,
66,3.80e+00,7.20e-01,2.04e+00,2.36e+00,
67,-1.20e+00,8.80e-01,1.72e+00,2.76e+00,
68,-2.00e-01,7.20e-01,1.72e+00,2.40e+00,
69,4.40e+00,9.60e-01,2.08e+00,2.64e+00,
70,-2.00e-01,7.20e-01,1.96e+00,2.36e+00,
71,3.80e+00,8.00e-01,1.76e+00,2.60e+00,
72,3.80e+00,7.20e-01,1.96e+00,2.60e+00,
73,-2.00e-01,8.00e-01,1.76e+00,2.36e+00,
74,3.80e+00,8.00e-01,2.00e+00,2.60e+00,
75,-4.00e-01,7.20e-01,1.76e+00,2.36e+00,
76,3.80e+00,8.80e-01,1.80e+00,2.40e+00,
77,-1.20e+00,6.40e-01,2.16e+00,2.84e+00,
78,3.80e+00,8.00e-01,1.76e+00,2.40e+00,
79,-4.00e-01,7.20e-01,2.00e+00,2.60e+00,
80,4.60e+00,8.00e-01,1.68e+00,2.24e+00,
81,-4.00e-01,6.40e-01,2.16e+00,2.84e+00,
82,3.80e+00,7.20e-01,1.80e+00,2.36e+00,
83,-4.00e-01,8.00e-01,2.00e+00,2.60e+00,
84,3.80e+00,8.00e-01,1.76e+00,2.36e+00,
85,-2.00e-01,7.20e-01,2.00e+00,2.60e+00,
86,-4.00e-01,7.20e-01,1.80e+00,2.36e+00,
87,3.80e+00,8.00e-01,2.00e+00,2.60e+00,
88,3.80e+00,8.00e-01,1.80e+00,2.40e+00,
89,-4.00e-01,7.20e-01,2.00e+00,2.56e+00,
90,3.80e+00,8.00e-01,2.00e+00,2.40e+00,
91,-4.00e-01,7.20e-01,1.76e+00,2.56e+00,
92,3.80e+00,7.20e-01,2.00e+00,2.36e+00,
93,0.00e+00,8.00e-01,1.76e+00,2.60e+00,
94,-4.00e-01,7.20e-01,1.84e+00,2.40e+00,
95,3.80e+00,8.00e-01,2.00e+00,2.60e+00,
96,3.80e+00,7.20e-01,1.76e+00,2.56e+00,
97,0.00e+00,8.00e-01,2.00e+00,2.36e+00,
98,3.80e+00,8.00e-01,1.84e+00,2.60e+00,
99,-4.00e-01,7.20e-01,2.00e+00,2.36e+00,
100,3.80e+00,7.20e-01,2.04e+00,2.64e+00,
101,-4.00e-01,8.00e-01,1.80e+00,2.36e+00,
102,3.80e+00,7.20e-01,1.80e+00,2.36e+00,
103,-4.00e-01,8.00e-01,2.04e+00,2.64e+00,
104,3.80e+00,8.80e-01,1.80e+00,2.80e+00,
105,-1.20e+00,5.60e-01,2.08e+00,2.36e+00,
106,3.80e+00,8.80e-01,2.08e+00,2.84e+00,
107,-1.00e+00,5.60e-01,1.56e+00,2.16e+00,
108,3.80e+00,7.20e-01,1.72e+00,2.20e+00,
109,-8.00e-01,8.80e-01,2.12e+00,2.84e+00,
110,-4.00e-01,7.20e-01,2.00e+00,2.40e+00,
111,3.80e+00,8.00e-01,1.76e+00,2.60e+00,
112,3.80e+00,7.20e-01,1.76e+00,2.60e+00,
113,-4.00e-01,8.00e-01,2.00e+00,2.36e+00,
114,3.80e+00,8.00e-01,1.96e+00,2.36e+00,
115,-4.00e-01,7.20e-01,1.80e+00,2.60e+00,
116,-4.00e-01,7.20e-01,1.68e+00,2.12e+00,
117,4.60e+00,9.60e-01,2.20e+00,2.92e+00,
118,3.80e+00,7.20e-01,1.76e+00,2.60e+00,
119,-8.00e-01,8.00e-01,1.96e+00,2.40e+00,
120,3.80e+00,7.20e-01,1.96e+00,2.36e+00,
121,-4.00e-01,8.00e-01,1.80e+00,2.60e+00,
122,3.80e+00,8.00e-01,1.96e+00,2.64e+00,
123,-4.00e-01,7.20e-01,1.76e+00,2.36e+00,
124,3.80e+00,8.00e-01,1.72e+00,2.28e+00,
125,-4.00e-01,6.40e-01,2.16e+00,2.92e+00,
126,3.80e+00,7.20e-01,2.04e+00,2.84e+00,
127,-6.00e-01,8.00e-01,1.56e+00,2.20e+00,
128,3.80e+00,8.00e-01,1.96e+00,2.56e+00,
129,-4.00e-01,7.20e-01,1.72e+00,2.36e+00,
130,-4.00e-01,7.20e-01,1.96e+00,2.60e+00,
131,3.80e+00,8.00e-01,1.68e+00,2.16e+00,
132,4.00e+00,7.20e-01,2.12e+00,2.36e+00,
133,-8.00e-01,8.80e-01,1.76e+00,2.84e+00,
134,-4.00e-01,8.00e-01,1.96e+00,2.40e+00,
135,3.80e+00,7.20e-01,1.76e+00,2.56e+00,
136,3.80e+00,8.00e-01,1.76e+00,2.36e+00,
137,-2.00e-01,7.20e-01,1.96e+00,2.60e+00,
138,-4.00e-01,6.40e-01,1.68e+00,2.24e+00,
139,4.40e+00,8.80e-01,2.20e+00,3.00e+00,
140,-4.00e-01,7.20e-01,1.72e+00,2.36e+00,
141,3.80e+00,8.80e-01,2.12e+00,2.84e+00,
142,3.80e+00,7.20e-01,1.96e+00,2.56e+00,
143,-4.00e-01,8.00e-01,1.76e+00,2.36e+00,
144,3.80e+00,8.00e-01,1.96e+00,2.36e+00,
145,-4.00e-01,7.20e-01,1.72e+00,2.60e+00,
146,3.80e+00,8.00e-01,1.76e+00,2.56e+00,
147,-4.00e-01,7.20e-01,1.96e+00,2.36e+00,
148,3.80e+00,8.00e-01,1.76e+00,2.60e+00,
149,-4.00e-01,7.20e-01,1.96e+00,2.36e+00,
150,4.60e+00,7.20e-01,2.16e+00,2.96e+00,
151,-4.00e-01,8.80e-01,1.72e+00,2.24e+00,
152,3.80e+00,8.00e-01,2.08e+00,2.84e+00,
153,-2.00e-01,6.40e-01,1.72e+00,2.36e+00,
154,3.80e+00,8.00e-01,1.96e+00,2.56e+00,
155,-4.00e-01,7.20e-01,1.76e+00,2.36e+00,
156,-4.00e-01,7.20e-01,1.96e+00,2.36e+00,
157,3.80e+00,8.00e-01,1.76e+00,2.60e+00,
158,3.80e+00,8.00e-01,1.76e+00,2.40e+00,
159,-4.00e-01,7.20e-01,2.00e+00,2.60e+00,
160,3.80e+00,8.00e-01,1.80e+00,2.36e+00,
161,-2.00e-01,7.20e-01,2.00e+00,2.60e+00,
162,-2.00e-01,7.20e-01,1.96e+00,2.60e+00,
163,3.80e+00,8.00e-01,1.80e+00,2.36e+00,
164,3.80e+00,8.00e-01,1.76e+00,2.36e+00,
165,-2.00e-01,7.20e-01,2.00e+00,2.60e+00,
166,3.80e+00,8.00e-01,2.00e+00,2.56e+00,
167,0.00e+00,7.20e-01,1.80e+00,2.36e+00,
168,3.80e+00,7.20e-01,2.00e+00,2.36e+00,
169,-4.00e-01,8.00e-01,1.80e+00,2.64e+00,
170,4.00e+00,8.80e-01,1.72e+00,2.20e+00,
171,-2.00e-01,6.40e-01,2.24e+00,3.04e+00,
172,3.80e+00,8.00e-01,2.00e+00,2.60e+00,
173,-6.00e-01,7.20e-01,1.76e+00,2.32e+00,
174,3.80e+00,8.00e-01,1.64e+00,2.04e+00,
175,-1.20e+00,7.20e-01,2.08e+00,2.72e+00,
176,0.00e+00,8.00e-01,1.80e+00,2.36e+00,
177,3.80e+00,7.20e-01,2.00e+00,2.56e+00,
178,-4.00e-01,7.20e-01,1.84e+00,2.60e+00,
179,3.80e+00,8.00e-01,2.00e+00,2.36e+00,
180,-4.00e-01,7.20e-01,2.20e+00,2.88e+00,
181,4.60e+00,8.80e-01,1.64e+00,2.08e+00,
182,3.80e+00,7.20e-01,2.00e+00,2.64e+00,
183,-4.00e-01,8.80e-01,1.80e+00,2.32e+00,
184,3.80e+00,8.80e-01,2.04e+00,2.72e+00,
185,-1.20e+00,7.20e-01,1.76e+00,2.36e+00,
186,-4.00e-01,8.00e-01,2.00e+00,2.60e+00,
187,3.80e+00,7.20e-01,1.80e+00,2.36e+00,
188,3.80e+00,8.00e-01,2.00e+00,2.60e+00,
189,0.00e+00,7.20e-01,1.80e+00,2.36e+00,
190,0.00e+00,8.00e-01,1.96e+00,2.60e+00,
191,3.80e+00,7.20e-01,1.80e+00,2.36e+00,
192,0.00e+00,8.00e-01,2.00e+00,2.36e+00,
193,3.80e+00,7.20e-01,1.76e+00,2.60e+00,
194,3.80e+00,7.20e-01,1.80e+00,2.60e+00,
195,-4.00e-01,8.00e-01,2.00e+00,2.36e+00,
196,3.80e+00,7.20e-01,1.96e+00,2.60e+00,
197,0.00e+00,8.00e-01,1.76e+00,2.36e+00,
198,3.80e+00,8.00e-01,1.96e+00,2.60e+00,
199,-4.00e-01,7.20e-01,1.76e+00,2.36e+00,
200,3.80e+00,8.00e-01,1.76e+00,2.56e+00,
201,-2.00e-01,7.20e-01,1.96e+00,2.36e+00,
202,-2.00e-01,8.00e-01,1.96e+00,2.60e+00,
203,3.80e+00,7.20e-01,1.68e+00,2.36e+00,
204,3.80e+00,7.20e-01,1.96e+00,2.60e+00,
205,-4.00e-01,8.00e-01,1.76e+00,2.40e+00,
206,3.80e+00,7.20e-01,1.76e+00,2.36e+00,
207,-2.00e-01,8.00e-01,1.96e+00,2.60e+00,
208,3.80e+00,8.00e-01,1.96e+00,2.60e+00,
209,-4.00e-01,7.20e-01,1.76e+00,2.36e+00,
210,3.80e+00,8.00e-01,1.96e+00,2.60e+00,
211,-4.00e-01,7.20e-01,1.72e+00,2.36e+00,
212,3.80e+00,8.00e-01,1.72e+00,2.36e+00,
213,0.00e+00,7.20e-01,1.96e+00,2.60e+00,
214,3.80e+00,8.00e-01,1.76e+00,2.60e+00,
215,-2.00e-01,7.20e-01,2.00e+00,2.36e+00,
216,3.80e+00,7.20e-01,1.96e+00,2.60e+00,
217,-4.00e-01,8.00e-01,1.76e+00,2.36e+00,
218,3.80e+00,7.20e-01,1.76e+00,2.36e+00,
219,-4.00e-01,8.00e-01,1.96e+00,2.60e+00,
220,3.80e+00,8.00e-01,1.92e+00,2.36e+00,
221,-4.00e-01,7.20e-01,1.72e+00,2.56e+00,
222,3.80e+00,7.20e-01,1.96e+00,2.60e+00,
223,-4.00e-01,8.00e-01,1.68e+00,2.32e+00,
224,3.80e+00,7.20e-01,1.96e+00,2.60e+00,
225,-4.00e-01,8.00e-01,1.76e+00,2.36e+00,
226,3.80e+00,8.00e-01,1.96e+00,2.40e+00,
227,0.00e+00,7.20e-01,1.76e+00,2.56e+00,
228,3.80e+00,7.20e-01,1.76e+00,2.60e+00,
229,0.00e+00,8.00e-01,1.96e+00,2.36e+00,
230,3.80e+00,7.20e-01,1.96e+00,2.56e+00,
231,-2.00e-01,8.00e-01,1.76e+00,2.36e+00,
232,0.00e+00,7.20e-01,1.76e+00,2.36e+00,
233,4.00e+00,8.80e-01,2.00e+00,2.68e+00,
234,3.80e+00,8.00e-01,1.56e+00,2.24e+00,
235,-1.20e+00,7.20e-01,2.04e+00,2.72e+00,
236,3.80e+00,8.00e-01,1.96e+00,2.36e+00,
237,-2.00e-01,7.20e-01,1.72e+00,2.60e+00,
238,3.80e+00,7.20e-01,2.00e+00,2.40e+00,
239,0.00e+00,8.00e-01,1.80e+00,2.60e+00,
240,3.80e+00,8.00e-01,2.00e+00,2.36e+00,
241,-2.00e-01,7.20e-01,1.72e+00,2.60e+00,
242,3.80e+00,8.00e-01,1.80e+00,2.60e+00,
243,-2.00e-01,7.20e-01,2.00e+00,2.36e+00,
244,4.20e+00,9.60e-01,2.16e+00,2.76e+00,
245,-4.00e-01,6.40e-01,1.76e+00,2.20e+00,
246,3.80e+00,8.80e-01,2.08e+00,2.76e+00,
247,-8.00e-01,5.60e-01,1.76e+00,2.32e+00,
248,0.00e+00,8.00e-01,1.84e+00,2.36e+00,
249,3.80e+00,7.20e-01,2.00e+00,2.60e+00,
250,3.80e+00,7.20e-01,1.84e+00,2.56e+00,
251,-4.00e-01,8.00e-01,2.00e+00,2.36e+00,
252,4.00e+00,7.20e-01,1.80e+00,2.36e+00,
253,-4.00e-01,8.80e-01,2.12e+00,2.76e+00,
254,3.80e+00,7.20e-01,2.00e+00,2.36e+00,
255,-1.20e+00,8.80e-01,1.80e+00,2.76e+00,
256,3.80e+00,8.00e-01,2.00e+00,2.36e+00,
257,-4.00e-01,7.20e-01,1.84e+00,2.60e+00,
258,3.80e+00,8.00e-01,2.00e+00,2.60e+00,
259,-4.00e-01,7.20e-01,1.76e+00,2.36e+00,
260,3.80e+00,8.00e-01,2.00e+00,2.60e+00,
261,-2.00e-01,7.20e-01,1.80e+00,2.36e+00,
262,-2.00e-01,7.20e-01,2.00e+00,2.92e+00,
263,4.60e+00,8.80e-01,1.76e+00,2.32e+00,
264,3.80e+00,6.40e-01,1.84e+00,2.84e+00,
265,-1.20e+00,8.80e-01,2.08e+00,2.24e+00,
266,-1.00e+00,8.00e-01,2.04e+00,2.00e+00,
267,3.80e+00,5.60e-01,1.56e+00,2.76e+00,
268,3.80e+00,7.20e-01,2.00e+00,2.32e+00,
269,-4.00e-01,8.00e-01,1.76e+00,2.56e+00,
270,3.80e+00,8.00e-01,1.76e+00,2.36e+00,
271,-4.00e-01,7.20e-01,2.00e+00,2.60e+00,
272,-2.00e-01,7.20e-01,2.04e+00,2.68e+00,
273,3.80e+00,8.80e-01,1.56e+00,2.08e+00,
274,3.80e+00,7.20e-01,1.56e+00,2.00e+00,
275,-6.00e-01,8.80e-01,2.04e+00,2.76e+00,
276,3.80e+00,7.20e-01,1.76e+00,2.36e+00,
277,-4.00e-01,8.00e-01,2.00e+00,2.60e+00,
278,-4.00e-01,6.40e-01,2.00e+00,2.60e+00,
279,4.60e+00,9.60e-01,1.72e+00,2.32e+00,
280,3.80e+00,8.00e-01,2.20e+00,2.32e+00,
281,-4.00e-01,7.20e-01,1.72e+00,2.92e+00,
282,3.80e+00,8.00e-01,1.96e+00,2.40e+00,
283,-4.00e-01,7.20e-01,1.76e+00,2.64e+00,
284,3.80e+00,8.00e-01,1.96e+00,2.36e+00,
285,-4.00e-01,7.20e-01,1.72e+00,2.60e+00,
286,3.80e+00,7.20e-01,1.96e+00,2.60e+00,
287,0.00e+00,8.00e-01,1.72e+00,2.36e+00,
288,3.80e+00,8.00e-01,1.96e+00,2.60e+00,
289,-4.00e-01,7.20e-01,1.76e+00,2.40e+00,
290,3.80e+00,8.00e-01,2.00e+00,2.64e+00,
291,-2.00e-01,7.20e-01,1.72e+00,2.36e+00,
292,3.80e+00,7.20e-01,1.96e+00,2.60e+00,
293,-2.00e-01,8.00e-01,1.72e+00,2.32e+00,
294,3.80e+00,8.00e-01,1.76e+00,2.56e+00,
295,-4.00e-01,7.20e-01,1.96e+00,2.36e+00,
296,-4.00e-01,8.00e-01,1.76e+00,2.36e+00,
297,3.80e+00,7.20e-01,1.96e+00,2.56e+00,
298,3.80e+00,7.20e-01,1.76e+00,2.60e+00,
299,-4.00e-01,8.00e-01,1.96e+00,2.36e+00,
300,3.80e+00,7.20e-01,1.76e+00,2.60e+00,
301,-4.00e-01,8.00e-01,1.96e+00,2.36e+00,
302,3.80e+00,7.20e-01,1.96e+00,2.36e+00,
303,-4.00e-01,8.00e-01,1.72e+00,2.60e+00,
304,0.00e+00,7.20e-01,1.96e+00,2.60e+00,
305,3.80e+00,8.00e-01,1.72e+00,2.36e+00,
306,0.00e+00,7.20e-01,1.96e+00,2.36e+00,
307,3.80e+00,8.00e-01,1.72e+00,2.60e+00,
308,3.80e+00,7.20e-01,1.76e+00,2.60e+00,
309,-2.00e-01,8.00e-01,2.00e+00,2.36e+00,
310,3.80e+00,8.00e-01,1.96e+00,2.36e+00,
311,-4.00e-01,7.20e-01,1.72e+00,2.56e+00,
312,0.00e+00,8.00e-01,1.76e+00,2.56e+00,
313,3.80e+00,7.20e-01,2.00e+00,2.36e+00,
314,3.80e+00,8.00e-01,1.76e+00,2.36e+00,
315,-2.00e-01,7.20e-01,2.00e+00,2.60e+00,
316,3.80e+00,7.20e-01,1.76e+00,2.36e+00,
317,0.00e+00,8.00e-01,2.00e+00,2.60e+00,
318,3.80e+00,8.00e-01,1.76e+00,2.36e+00,
319,-4.00e-01,7.20e-01,2.00e+00,2.60e+00,
320,-2.00e-01,8.00e-01,1.76e+00,2.60e+00,
321,3.80e+00,7.20e-01,2.00e+00,2.36e+00,
322,0.00e+00,7.20e-01,1.96e+00,2.36e+00,
323,3.80e+00,8.80e-01,1.80e+00,2.60e+00,
324,-1.00e+00,8.80e-01,1.60e+00,2.16e+00,
325,3.80e+00,6.40e-01,2.08e+00,2.76e+00,
326,-2.00e-01,8.80e-01,1.72e+00,2.92e+00,
327,4.60e+00,6.40e-01,2.16e+00,2.16e+00,
328,3.80e+00,7.20e-01,1.80e+00,2.36e+00,
329,-2.00e-01,8.00e-01,2.00e+00,2.64e+00,
330,3.80e+00,8.00e-01,2.00e+00,2.60e+00,
331,-2.00e-01,7.20e-01,1.76e+00,2.36e+00,
332,0.00e+00,7.20e-01,1.84e+00,2.60e+00,
333,3.80e+00,8.00e-01,2.00e+00,2.36e+00,
334,3.80e+00,8.00e-01,2.00e+00,2.60e+00,
335,-4.00e-01,7.20e-01,1.76e+00,2.36e+00,
336,4.40e+00,7.20e-01,1.72e+00,2.20e+00,
337,-4.00e-01,9.60e-01,2.12e+00,2.92e+00,
338,3.80e+00,7.20e-01,2.12e+00,2.36e+00,
339,-6.00e-01,8.80e-01,1.76e+00,2.88e+00,
340,3.80e+00,7.20e-01,2.00e+00,2.60e+00,
341,-2.00e-01,8.00e-01,1.80e+00,2.36e+00,
342,3.80e+00,8.00e-01,1.80e+00,2.40e+00,
343,0.00e+00,7.20e-01,2.00e+00,2.60e+00,
344,3.80e+00,7.20e-01,2.00e+00,2.60e+00,
345,-2.00e-01,8.00e-01,1.80e+00,2.36e+00,
346,3.80e+00,8.00e-01,2.00e+00,2.60e+00,
347,-2.00e-01,7.20e-01,1.76e+00,2.36e+00,
348,3.80e+00,8.00e-01,1.96e+00,2.60e+00,
349,-4.00e-01,7.20e-01,1.80e+00,2.36e+00,
350,3.80e+00,7.20e-01,1.96e+00,2.32e+00,
351,-2.00e-01,8.00e-01,1.72e+00,2.60e+00,
352,0.00e+00,8.00e-01,1.96e+00,2.60e+00,
353,3.80e+00,7.20e-01,1.80e+00,2.36e+00,
354,-4.00e-01,8.00e-01,1.96e+00,2.60e+00,
355,3.80e+00,7.20e-01,1.76e+00,2.36e+00,
356,3.80e+00,7.20e-01,1.96e+00,2.36e+00,
357,-4.00e-01,8.00e-01,1.80e+00,2.60e+00,
358,0.00e+00,7.20e-01,1.76e+00,2.36e+00,
359,3.80e+00,8.00e-01,1.96e+00,2.60e+00,
360,3.80e+00,8.00e-01,1.72e+00,2.56e+00,
361,-2.00e-01,7.20e-01,1.96e+00,2.36e+00,
362,-4.00e-01,8.00e-01,1.64e+00,2.16e+00,
363,4.00e+00,6.40e-01,2.04e+00,2.64e+00,
364,3.80e+00,8.00e-01,1.72e+00,2.36e+00,
365,-4.00e-01,7.20e-01,2.08e+00,2.80e+00,
366,3.80e+00,8.80e-01,2.04e+00,2.80e+00,
367,-1.20e+00,5.60e-01,1.56e+00,2.16e+00,
368,-1.20e+00,8.80e-01,1.76e+00,2.36e+00,
369,3.80e+00,7.20e-01,2.08e+00,2.80e+00,
370,3.80e+00,5.60e-01,2.12e+00,2.88e+00,
371,-1.20e+00,8.80e-01,1.60e+00,2.12e+00,
372,3.80e+00,6.40e-01,2.04e+00,2.84e+00,
373,-6.00e-01,8.80e-01,1.56e+00,2.04e+00,
374,3.80e+00,7.20e-01,2.04e+00,2.80e+00,
375,-6.00e-01,8.80e-01,1.48e+00,2.00e+00,
376,-6.00e-01,8.00e-01,1.56e+00,2.04e+00,
377,3.80e+00,6.40e-01,1.96e+00,2.68e+00,
378,3.80e+00,7.20e-01,1.76e+00,2.68e+00,
379,-1.20e+00,8.80e-01,2.08e+00,2.28e+00,
380,3.80e+00,8.00e-01,1.96e+00,2.64e+00,
381,-4.00e-01,7.20e-01,1.48e+00,2.00e+00,
382,3.80e+00,8.00e-01,2.04e+00,2.80e+00,
383,-1.20e+00,6.40e-01,1.56e+00,2.04e+00,
384,3.80e+00,8.80e-01,1.80e+00,2.40e+00,
385,-4.00e-01,7.20e-01,1.96e+00,2.60e+00,
386,3.80e+00,7.20e-01,1.96e+00,2.40e+00,
387,-2.00e-01,8.00e-01,1.76e+00,2.60e+00,
388,-2.00e-01,8.00e-01,1.76e+00,2.56e+00,
389,3.80e+00,7.20e-01,2.00e+00,2.40e+00,
390,3.80e+00,8.00e-01,1.96e+00,2.56e+00,
391,-2.00e-01,7.20e-01,1.72e+00,2.32e+00,
392,3.80e+00,8.00e-01,2.00e+00,2.36e+00,
393,-2.00e-01,7.20e-01,1.76e+00,2.60e+00,
394,-4.00e-01,7.20e-01,1.72e+00,2.36e+00,
395,3.80e+00,8.80e-01,2.16e+00,2.84e+00,
396,0.00e+00,6.40e-01,1.68e+00,2.64e+00,
397,4.20e+00,8.80e-01,1.96e+00,2.24e+00,
398,-4.00e-01,7.20e-01,1.76e+00,2.36e+00,
399,3.80e+00,8.00e-01,2.00e+00,2.60e+00,
400,-4.00e-01,7.20e-01,2.00e+00,2.08e+00,
401,3.80e+00,8.80e-01,1.60e+00,2.68e+00,
402,3.80e+00,7.20e-01,1.60e+00,2.84e+00,
403,-6.00e-01,8.80e-01,2.08e+00,2.04e+00,
404,3.80e+00,5.60e-01,2.04e+00,2.08e+00,
405,-1.00e+00,8.80e-01,1.60e+00,2.72e+00,
406,3.80e+00,7.20e-01,2.08e+00,2.76e+00,
407,-6.00e-01,8.00e-01,1.60e+00,2.04e+00,
408,3.80e+00,7.20e-01,1.60e+00,2.04e+00,
409,-4.00e-01,8.80e-01,2.08e+00,2.84e+00,
410,3.80e+00,7.20e-01,1.60e+00,2.04e+00,
411,-6.00e-01,8.80e-01,2.00e+00,2.60e+00,
412,3.80e+00,7.20e-01,2.00e+00,2.36e+00,
413,-2.00e-01,8.00e-01,1.76e+00,2.60e+00,
414,3.80e+00,7.20e-01,1.80e+00,2.56e+00,
415,-4.00e-01,8.00e-01,2.00e+00,2.36e+00,
416,3.80e+00,7.20e-01,1.96e+00,2.56e+00,
417,-4.00e-01,8.00e-01,1.80e+00,2.36e+00,
418,3.80e+00,8.00e-01,1.84e+00,2.56e+00,
419,-4.00e-01,7.20e-01,2.00e+00,2.36e+00,
420,3.80e+00,8.00e-01,2.00e+00,2.36e+00,
421,-2.00e-01,7.20e-01,1.80e+00,2.60e+00,
422,-2.00e-01,8.00e-01,2.00e+00,2.60e+00,
423,3.80e+00,7.20e-01,1.80e+00,2.40e+00,
424,3.80e+00,7.20e-01,2.00e+00,2.60e+00,
425,-2.00e-01,8.00e-01,1.80e+00,2.36e+00,
426,3.80e+00,7.20e-01,1.96e+00,2.40e+00,
427,-4.00e-01,8.00e-01,1.80e+00,2.60e+00,
428,3.80e+00,7.20e-01,2.00e+00,2.60e+00,
429,-4.00e-01,8.00e-01,1.80e+00,2.36e+00,
430,3.80e+00,8.00e-01,1.96e+00,2.40e+00,
431,0.00e+00,7.20e-01,1.72e+00,2.60e+00,
432,3.80e+00,8.00e-01,1.76e+00,2.36e+00,
433,0.00e+00,7.20e-01,2.04e+00,2.68e+00,
434,3.80e+00,8.00e-01,1.96e+00,2.60e+00,
435,-2.00e-01,7.20e-01,1.76e+00,2.36e+00,
436,3.80e+00,7.20e-01,1.96e+00,2.60e+00,
437,-2.00e-01,8.00e-01,1.76e+00,2.36e+00,
438,3.80e+00,8.00e-01,1.96e+00,2.60e+00,
439,-4.00e-01,7.20e-01,1.76e+00,2.36e+00,
440,3.80e+00,8.80e-01,1.76e+00,2.40e+00,
441,-1.20e+00,6.40e-01,2.08e+00,2.80e+00,
442,3.80e+00,8.00e-01,1.60e+00,2.20e+00,
443,-6.00e-01,7.20e-01,2.04e+00,2.84e+00,
444,3.80e+00,8.00e-01,2.08e+00,2.84e+00,
445,-6.00e-01,6.40e-01,1.56e+00,2.00e+00,
446,3.80e+00,8.80e-01,1.56e+00,2.00e+00,
447,-8.00e-01,6.40e-01,2.08e+00,2.88e+00,
448,3.80e+00,7.20e-01,2.04e+00,2.20e+00,
449,-1.20e+00,8.80e-01,1.76e+00,2.80e+00,
450,3.80e+00,7.20e-01,1.96e+00,1.96e+00,
451,-2.00e-01,8.80e-01,1.56e+00,2.68e+00,
452,3.80e+00,8.80e-01,1.52e+00,2.00e+00,
453,-6.00e-01,6.40e-01,2.04e+00,2.76e+00,
454,3.80e+00,8.00e-01,2.04e+00,2.72e+00,
455,-6.00e-01,6.40e-01,1.60e+00,2.12e+00,
456,3.80e+00,8.00e-01,2.08e+00,2.84e+00,
457,-1.00e+00,7.20e-01,1.76e+00,2.36e+00,
458,3.80e+00,8.00e-01,1.96e+00,2.60e+00,
459,-2.00e-01,7.20e-01,1.76e+00,2.36e+00,
460,3.80e+00,8.00e-01,1.96e+00,2.56e+00,
461,-4.00e-01,7.20e-01,1.76e+00,2.36e+00,
462,3.80e+00,8.00e-01,1.72e+00,2.36e+00,
463,-2.00e-01,7.20e-01,2.00e+00,2.64e+00,
464,4.00e+00,6.40e-01,1.80e+00,2.72e+00,
465,-4.00e-01,8.80e-01,2.00e+00,2.32e+00,
466,3.80e+00,8.00e-01,1.72e+00,2.32e+00,
467,-4.00e-01,7.20e-01,2.00e+00,2.68e+00,
468,3.80e+00,7.20e-01,1.96e+00,2.40e+00,
469,-4.00e-01,8.00e-01,1.76e+00,2.60e+00,
470,3.80e+00,8.00e-01,1.76e+00,2.36e+00,
471,-4.00e-01,7.20e-01,2.20e+00,2.92e+00,
472,3.80e+00,6.40e-01,1.72e+00,2.32e+00,
473,-4.00e-01,8.80e-01,2.04e+00,2.76e+00,
474,3.80e+00,8.80e-01,1.96e+00,2.36e+00,
475,-4.00e-01,7.20e-01,1.80e+00,2.68e+00,
476,3.80e+00,7.20e-01,2.04e+00,2.60e+00,
477,-4.00e-01,8.00e-01,1.76e+00,2.36e+00,
478,3.80e+00,8.00e-01,1.80e+00,2.28e+00,
479,-4.00e-01,6.40e-01,2.08e+00,2.68e+00,
480,3.80e+00,8.80e-01,2.00e+00,2.16e+00,
481,-1.00e+00,5.60e-01,1.64e+00,2.64e+00,
482,3.80e+00,7.20e-01,2.08e+00,2.84e+00,
483,-1.20e+00,8.80e-01,1.80e+00,2.36e+00,
484,3.80e+00,7.20e-01,2.00e+00,2.60e+00,
485,-4.00e-01,8.00e-01,1.76e+00,2.36e+00,
486,3.80e+00,7.20e-01,1.84e+00,2.60e+00,
487,-4.00e-01,8.00e-01,2.00e+00,2.36e+00,
488,3.80e+00,7.20e-01,2.08e+00,2.32e+00,
489,-1.20e+00,8.80e-01,1.80e+00,2.72e+00,
490,3.80e+00,7.20e-01,1.84e+00,2.36e+00,
491,-2.00e-01,8.00e-01,2.00e+00,2.56e+00,
492,3.80e+00,8.00e-01,2.00e+00,2.60e+00,
493,-4.00e-01,7.20e-01,1.84e+00,2.36e+00,
494,3.80e+00,7.20e-01,1.84e+00,2.60e+00,
495,-4.00e-01,8.00e-01,2.00e+00,2.36e+00,
496,-4.00e-01,8.00e-01,2.00e+00,2.12e+00,
497,4.00e+00,6.40e-01,1.68e+00,2.68e+00,
498,3.80e+00,5.60e-01,2.00e+00,2.60e+00,
499,-1.20e+00,8.80e-01,1.60e+00,2.08e+00,
500,-4.00e-01,8.00e-01,2.00e+00,2.56e+00,
501,3.80e+00,7.20e-01,1.80e+00,2.36e+00,
502,3.80e+00,8.00e-01,1.76e+00,2.60e+00,
503,-4.00e-01,7.20e-01,2.00e+00,2.36e+00,
504,3.80e+00,8.00e-01,1.80e+00,2.40e+00,
505,-4.00e-01,7.20e-01,2.00e+00,2.60e+00,
506,3.80e+00,8.00e-01,2.00e+00,2.36e+00,
507,-4.00e-01,7.20e-01,1.76e+00,2.60e+00,
508,4.40e+00,8.80e-01,1.76e+00,2.24e+00,
509,-4.00e-01,7.20e-01,2.24e+00,3.04e+00,
510,-6.00e-01,8.00e-01,2.08e+00,2.88e+00,
511,3.80e+00,7.20e-01,1.80e+00,2.40e+00,
512,3.80e+00,8.00e-01,1.76e+00,2.40e+00,
513,-2.00e-01,7.20e-01,1.96e+00,2.56e+00,
514,3.80e+00,8.00e-01,2.00e+00,2.60e+00,
515,-4.00e-01,7.20e-01,1.76e+00,2.36e+00,
516,3.80e+00,8.00e-01,1.68e+00,2.64e+00,
517,-4.00e-01,7.20e-01,2.12e+00,2.12e+00,
518,4.40e+00,6.40e-01,2.00e+00,2.60e+00,
519,-6.00e-01,8.80e-01,1.60e+00,2.08e+00,
520,3.80e+00,8.00e-01,1.96e+00,2.36e+00,
521,-4.00e-01,7.20e-01,1.72e+00,2.60e+00,
522,3.80e+00,8.00e-01,1.96e+00,2.36e+00,
523,-2.00e-01,7.20e-01,1.76e+00,2.56e+00,
524,3.80e+00,7.20e-01,1.76e+00,2.36e+00,
525,-4.00e-01,8.00e-01,1.96e+00,2.56e+00,
526,3.80e+00,8.00e-01,1.76e+00,2.40e+00,
527,-4.00e-01,7.20e-01,1.96e+00,2.60e+00,
528,-4.00e-01,8.00e-01,1.96e+00,2.64e+00,
529,4.40e+00,6.40e-01,1.60e+00,2.08e+00,
530,3.80e+00,7.20e-01,2.00e+00,2.80e+00,
531,-6.00e-01,8.00e-01,1.68e+00,2.36e+00,
532,3.80e+00,8.00e-01,1.72e+00,2.36e+00,
533,-2.00e-01,7.20e-01,1.96e+00,2.60e+00,
534,3.80e+00,8.00e-01,1.96e+00,2.60e+00,
535,-4.00e-01,7.20e-01,1.76e+00,2.40e+00,
536,-4.00e-01,7.20e-01,1.72e+00,2.64e+00,
537,4.60e+00,8.00e-01,2.00e+00,2.24e+00,
538,3.80e+00,7.20e-01,1.52e+00,2.00e+00,
539,-6.00e-01,8.00e-01,2.08e+00,2.88e+00,
540,-6.00e-01,6.40e-01,1.56e+00,2.04e+00,
541,3.80e+00,8.80e-01,2.12e+00,2.80e+00,
542,3.80e+00,7.20e-01,1.72e+00,2.36e+00,
543,-2.00e-01,8.00e-01,1.96e+00,2.60e+00,
544,3.80e+00,7.20e-01,1.76e+00,2.60e+00,
545,-4.00e-01,8.00e-01,1.96e+00,2.36e+00,
546,-4.00e-01,7.20e-01,1.96e+00,2.60e+00,
547,4.60e+00,9.60e-01,1.80e+00,2.36e+00,
548,3.80e+00,8.80e-01,1.96e+00,2.24e+00,
549,-8.00e-01,5.60e-01,1.72e+00,2.68e+00,
550,0.00e+00,7.20e-01,1.80e+00,2.40e+00,
551,3.80e+00,8.00e-01,2.00e+00,2.60e+00,
552,3.80e+00,7.20e-01,1.76e+00,2.60e+00,
553,-2.00e-01,8.00e-01,2.00e+00,2.36e+00,
554,4.00e+00,8.00e-01,1.76e+00,2.32e+00,
555,-4.00e-01,7.20e-01,2.16e+00,2.84e+00,
556,3.80e+00,8.00e-01,1.80e+00,2.36e+00,
557,-4.00e-01,6.40e-01,2.00e+00,2.60e+00,
558,3.80e+00,7.20e-01,1.60e+00,2.60e+00,
559,-8.00e-01,8.80e-01,2.00e+00,1.96e+00,
560,-4.00e-01,7.20e-01,1.80e+00,2.60e+00,
561,3.80e+00,8.00e-01,2.00e+00,2.36e+00,
562,3.80e+00,7.20e-01,2.00e+00,2.60e+00,
563,-4.00e-01,8.80e-01,1.80e+00,2.36e+00,
564,3.80e+00,8.00e-01,2.00e+00,2.40e+00,
565,-4.00e-01,7.20e-01,1.84e+00,2.60e+00,
566,3.80e+00,7.20e-01,2.00e+00,2.60e+00,
567,-4.00e-01,8.00e-01,1.76e+00,2.36e+00,
568,3.80e+00,7.20e-01,2.16e+00,2.80e+00,
569,-4.00e-01,8.80e-01,1.76e+00,2.28e+00,
570,3.80e+00,7.20e-01,1.76e+00,2.24e+00,
571,-6.00e-01,8.80e-01,2.08e+00,2.80e+00,
572,3.80e+00,8.00e-01,1.84e+00,2.60e+00,
573,-2.00e-01,7.20e-01,2.00e+00,2.40e+00,
574,3.80e+00,8.00e-01,2.00e+00,2.60e+00,
575,-4.00e-01,7.20e-01,1.76e+00,2.36e+00,
576,-4.00e-01,7.20e-01,1.84e+00,2.40e+00,
577,3.80e+00,8.00e-01,2.00e+00,2.60e+00,
578,4.00e+00,8.00e-01,1.76e+00,2.72e+00,
579,-2.00e-01,7.20e-01,2.00e+00,2.32e+00,
580,-6.00e-01,7.20e-01,1.52e+00,2.00e+00,
581,3.80e+00,8.00e-01,2.04e+00,2.68e+00,
582,3.80e+00,7.20e-01,1.84e+00,2.36e+00,
583,-4.00e-01,8.00e-01,2.00e+00,2.60e+00,
584,3.80e+00,7.20e-01,2.00e+00,2.40e+00,
585,-4.00e-01,8.00e-01,1.76e+00,2.60e+00,
586,-4.00e-01,7.20e-01,2.00e+00,2.84e+00,
587,4.60e+00,8.80e-01,1.72e+00,2.24e+00,
588,-1.20e+00,7.20e-01,2.04e+00,2.68e+00,
589,3.80e+00,8.00e-01,1.76e+00,2.36e+00,
590,-2.00e-01,7.20e-01,1.76e+00,2.56e+00,
591,3.80e+00,8.00e-01,2.00e+00,2.36e+00,
592,0.00e+00,7.20e-01,1.80e+00,2.36e+00,
593,3.80e+00,8.00e-01,2.00e+00,2.60e+00,
594,3.80e+00,8.00e-01,1.96e+00,2.56e+00,
595,-2.00e-01,7.20e-01,1.76e+00,2.36e+00,
596,0.00e+00,8.00e-01,1.96e+00,2.36e+00,
597,3.80e+00,7.20e-01,1.80e+00,2.60e+00,
598,3.80e+00,7.20e-01,1.76e+00,2.60e+00,
599,-4.00e-01,8.00e-01,2.00e+00,2.36e+00,
600,0.00e+00,8.00e-01,1.80e+00,2.40e+00,
601,3.80e+00,7.20e-01,2.00e+00,2.60e+00,
602,3.80e+00,8.00e-01,2.00e+00,2.08e+00,
603,-8.00e-01,5.60e-01,1.60e+00,2.84e+00,
604,-4.00e-01,7.20e-01,1.76e+00,2.36e+00,
605,3.80e+00,8.00e-01,2.04e+00,2.80e+00,
606,-4.00e-01,6.40e-01,1.64e+00,3.00e+00,
607,4.60e+00,8.80e-01,2.20e+00,2.12e+00,
608,3.80e+00,7.20e-01,1.96e+00,2.60e+00,
609,-4.00e-01,8.00e-01,1.72e+00,2.36e+00,
610,-4.00e-01,7.20e-01,1.72e+00,2.28e+00,
611,4.00e+00,8.80e-01,2.16e+00,2.92e+00,
612,-4.00e-01,8.00e-01,2.20e+00,3.04e+00,
613,4.00e+00,6.40e-01,1.68e+00,2.28e+00,
614,3.80e+00,8.00e-01,1.72e+00,2.36e+00,
615,-4.00e-01,7.20e-01,1.96e+00,2.60e+00,
616,-2.00e-01,8.00e-01,1.92e+00,2.56e+00,
617,3.80e+00,7.20e-01,1.72e+00,2.36e+00,
618,-4.00e-01,8.00e-01,1.72e+00,2.32e+00,
619,3.80e+00,7.20e-01,1.96e+00,2.56e+00,
620,3.80e+00,7.20e-01,1.92e+00,2.36e+00,
621,-4.00e-01,8.00e-01,1.72e+00,2.56e+00,
622,3.80e+00,7.20e-01,1.92e+00,2.60e+00,
623,-2.00e-01,8.00e-01,1.72e+00,2.36e+00,
624,3.80e+00,8.00e-01,1.76e+00,2.60e+00,
625,-4.00e-01,7.20e-01,1.96e+00,2.36e+00,
626,3.80e+00,8.00e-01,1.68e+00,2.16e+00,
627,-4.00e-01,6.40e-01,2.16e+00,2.96e+00,
628,3.80e+00,8.00e-01,2.04e+00,2.84e+00,
629,-1.20e+00,5.60e-01,1.60e+00,2.00e+00,
630,3.80e+00,8.00e-01,1.96e+00,2.56e+00,
631,-2.00e-01,7.20e-01,1.72e+00,2.40e+00,
632,-4.00e-01,8.00e-01,1.76e+00,2.40e+00,
633,3.80e+00,7.20e-01,1.96e+00,2.60e+00,
634,0.00e+00,8.00e-01,1.96e+00,2.40e+00,
635,3.80e+00,7.20e-01,1.72e+00,2.60e+00,
636,-4.00e-01,8.00e-01,1.96e+00,2.40e+00,
637,3.80e+00,7.20e-01,1.72e+00,2.60e+00,
638,-4.00e-01,7.20e-01,1.72e+00,2.36e+00,
639,4.00e+00,8.00e-01,2.12e+00,2.96e+00,
640,4.80e+00,6.40e-01,1.96e+00,2.28e+00,
641,-4.00e-01,8.80e-01,1.72e+00,2.68e+00,
642,3.80e+00,8.00e-01,1.96e+00,2.60e+00,
643,-4.00e-01,7.20e-01,1.72e+00,2.32e+00,
644,3.80e+00,8.80e-01,1.96e+00,2.04e+00,
645,-8.00e-01,5.60e-01,1.52e+00,2.68e+00,
646,3.80e+00,8.00e-01,1.96e+00,2.60e+00,
647,-2.00e-01,7.20e-01,1.76e+00,2.36e+00,
648,3.80e+00,7.20e-01,1.96e+00,2.60e+00,
649,-2.00e-01,8.00e-01,1.80e+00,2.36e+00,
650,0.00e+00,8.00e-01,1.80e+00,2.36e+00,
651,3.80e+00,7.20e-01,1.96e+00,2.60e+00,
652,-2.00e-01,7.20e-01,1.76e+00,2.40e+00,
653,4.40e+00,9.60e-01,2.16e+00,2.96e+00,
654,3.80e+00,7.20e-01,1.76e+00,2.36e+00,
655,-1.20e+00,8.80e-01,2.04e+00,2.76e+00,
656,3.80e+00,7.20e-01,1.80e+00,2.36e+00,
657,-4.00e-01,8.00e-01,1.96e+00,2.60e+00,
658,3.80e+00,8.00e-01,1.76e+00,2.40e+00,
659,-4.00e-01,7.20e-01,2.00e+00,2.60e+00,
660,-4.00e-01,7.20e-01,1.76e+00,2.36e+00,
661,4.00e+00,8.80e-01,2.16e+00,2.60e+00,
662,3.80e+00,8.80e-01,1.76e+00,2.32e+00,
663,-4.00e-01,7.20e-01,2.00e+00,2.60e+00,
664,3.80e+00,8.80e-01,1.60e+00,2.04e+00,
665,-1.40e+00,6.40e-01,2.00e+00,2.60e+00,
666,3.80e+00,7.20e-01,1.84e+00,2.56e+00,
667,-4.00e-01,8.80e-01,2.00e+00,2.36e+00,
668,3.80e+00,7.20e-01,1.84e+00,2.60e+00,
669,-4.00e-01,8.00e-01,2.16e+00,2.36e+00,
670,4.00e+00,8.80e-01,1.76e+00,2.68e+00,
671,-2.00e-01,7.20e-01,2.04e+00,2.36e+00,
672,3.80e+00,8.00e-01,2.00e+00,2.36e+00,
673,0.00e+00,7.20e-01,1.80e+00,2.60e+00,
674,-4.00e-01,8.00e-01,1.80e+00,2.36e+00,
675,3.80e+00,7.20e-01,2.00e+00,2.60e+00,
676,-2.00e-01,7.20e-01,2.00e+00,2.64e+00,
677,4.00e+00,8.00e-01,1.80e+00,2.28e+00,
678,3.80e+00,7.20e-01,2.04e+00,2.32e+00,
679,-1.20e+00,8.80e-01,1.60e+00,2.72e+00,
680,0.00e+00,8.00e-01,2.00e+00,2.60e+00,
681,3.80e+00,7.20e-01,1.80e+00,2.36e+00,
682,3.80e+00,8.00e-01,1.76e+00,2.60e+00,
683,-2.00e-01,7.20e-01,2.00e+00,2.36e+00,
684,3.80e+00,7.20e-01,1.84e+00,2.40e+00,
685,-4.00e-01,8.00e-01,2.00e+00,2.60e+00,
686,3.80e+00,7.20e-01,1.80e+00,2.60e+00,
687,-2.00e-01,8.00e-01,2.00e+00,2.40e+00,
688,3.80e+00,7.20e-01,1.80e+00,2.60e+00,
689,-4.00e-01,8.00e-01,2.00e+00,2.40e+00,
690,3.80e+00,7.20e-01,1.96e+00,2.40e+00,
691,-4.00e-01,8.00e-01,1.80e+00,2.60e+00,
692,-2.00e-01,7.20e-01,1.96e+00,2.56e+00,
693,3.80e+00,8.00e-01,1.80e+00,2.36e+00,
694,-2.00e-01,8.00e-01,1.96e+00,2.56e+00,
695,3.80e+00,7.20e-01,1.76e+00,2.36e+00,
696,3.80e+00,7.20e-01,1.96e+00,2.60e+00,
697,-2.00e-01,8.00e-01,1.76e+00,2.36e+00,
698,3.80e+00,8.00e-01,1.96e+00,2.36e+00,
699,-4.00e-01,7.20e-01,1.76e+00,2.60e+00,
700,3.80e+00,8.00e-01,1.96e+00,2.60e+00,
701,-2.00e-01,7.20e-01,1.76e+00,2.36e+00,
702,-4.00e-01,8.00e-01,1.72e+00,2.36e+00,
703,3.80e+00,7.20e-01,1.96e+00,2.60e+00,
704,3.80e+00,7.20e-01,1.76e+00,2.36e+00,
705,-4.00e-01,8.00e-01,1.96e+00,2.60e+00,
706,3.80e+00,7.20e-01,1.96e+00,2.60e+00,
707,-4.00e-01,8.00e-01,1.72e+00,2.36e+00,
708,-4.00e-01,7.20e-01,1.72e+00,2.56e+00,
709,3.80e+00,8.00e-01,1.96e+00,2.36e+00,
710,3.80e+00,8.00e-01,1.72e+00,2.36e+00,
711,-4.00e-01,7.20e-01,1.96e+00,2.60e+00,
712,3.80e+00,8.00e-01,1.96e+00,2.60e+00,
713,-4.00e-01,7.20e-01,1.72e+00,2.36e+00,
714,3.80e+00,7.20e-01,1.72e+00,2.40e+00,
715,-4.00e-01,8.00e-01,1.96e+00,2.56e+00,
716,3.80e+00,8.00e-01,1.96e+00,2.40e+00,
717,-4.00e-01,7.20e-01,1.72e+00,2.60e+00,
718,-4.00e-01,8.00e-01,1.72e+00,2.40e+00,
719,3.80e+00,7.20e-01,1.96e+00,2.60e+00,
720,3.80e+00,7.20e-01,1.72e+00,2.36e+00,
721,-4.00e-01,1.12e+00,1.96e+00,2.60e+00,
722,3.80e+00,1.04e+00,1.84e+00,2.60e+00,
723,-4.00e-01,1.20e+00,2.00e+00,2.40e+00,
724,3.80e+00,1.20e+00,1.96e+00,2.64e+00,
725,-4.00e-01,1.04e+00,1.64e+00,2.40e+00,
726,3.80e+00,1.12e+00,1.80e+00,2.48e+00,
727,-2.00e-01,9.60e-01,1.44e+00,2.68e+00,
728,3.80e+00,1.04e+00,1.56e+00,2.52e+00,
729,-4.00e-01,7.20e-01,1.16e+00,2.68e+00,
730,3.80e+00,8.00e-01,8.80e-01,2.36e+00,
731,-4.00e-01,6.40e-01,1.36e+00,3.04e+00,
732,4.60e+00,7.20e-01,1.12e+00,2.92e+00,
733,-8.00e-01,4.00e-01,6.80e-01,2.28e+00,
734,3.80e+00,4.80e-01,9.20e-01,2.56e+00,
735,-2.00e-01,3.20e-01,6.00e-01,2.76e+00,
736,3.80e+00,4.00e-01,7.20e-01,2.56e+00,
737,-4.00e-01,2.40e-01,5.20e-01,2.76e+00,
738,3.80e+00,2.40e-01,6.40e-01,2.76e+00,
739,-4.00e-01,3.20e-01,4.00e-01,2.60e+00,
740,-4.00e-01,3.20e-01,7.20e-01,2.32e+00,
741,4.60e+00,8.00e-02,1.60e-01,3.12e+00,
742,3.80e+00,2.40e-01,4.40e-01,2.52e+00,
743,-8.00e-01,0.00e+00,2.00e-01,2.88e+00,
744,3.80e+00,0.00e+00,4.00e-01,2.60e+00,
745,-2.00e-01,2.40e-01,1.20e-01,2.84e+00,
746,3.80e+00,8.00e-02,3.20e-01,2.64e+00,
747,-2.00e-01,0.00e+00,1.20e-01,2.84e+00,
748,3.80e+00,0.00e+00,2.80e-01,2.68e+00,
749,-4.00e-01,8.00e-02,1.20e-01,2.84e+00,
750,3.80e+00,8.00e-02,2.40e-01,2.68e+00,
751,-4.00e-01,-8.00e-02,4.00e-02,2.84e+00,
752,3.80e+00,8.00e-02,2.40e-01,2.84e+00,
753,-4.00e-01,-8.00e-02,4.00e-02,2.68e+00,
754,3.80e+00,0.00e+00,2.40e-01,2.88e+00,
755,-4.00e-01,-8.00e-02,0.00e+00,2.64e+00,
756,-4.00e-01,-8.00e-02,-4.00e-02,2.48e+00,
757,4.60e+00,8.00e-02,4.00e-01,3.24e+00,
758,3.80e+00,8.00e-02,0.00e+00,2.72e+00,
759,-1.00e+00,-1.60e-01,2.80e-01,3.08e+00,
760,3.80e+00,-8.00e-02,2.00e-01,2.88e+00,
761,-4.00e-01,0.00e+00,-4.00e-02,2.72e+00,
762,3.80e+00,0.00e+00,-4.00e-02,2.72e+00,
763,-4.00e-01,-8.00e-02,1.60e-01,2.92e+00,
764,-4.00e-01,0.00e+00,2.00e-01,2.92e+00,
765,3.80e+00,-8.00e-02,-4.00e-02,2.72e+00,
766,3.80e+00,0.00e+00,-4.00e-02,2.92e+00,
767,-2.00e-01,-8.00e-02,2.00e-01,2.72e+00,
768,-4.00e-01,-1.60e-01,1.60e-01,3.00e+00,
769,4.60e+00,8.00e-02,-8.00e-02,2.64e+00,
770,3.80e+00,0.00e+00,1.20e-01,2.92e+00,
771,-6.00e-01,-1.60e-01,-2.40e-01,2.44e+00,
772,3.80e+00,8.00e-02,-4.00e-02,3.08e+00,
773,-8.00e-01,-2.40e-01,2.00e-01,2.68e+00,
774,3.80e+00,-8.00e-02,-4.00e-02,2.92e+00,
775,-2.00e-01,0.00e+00,1.60e-01,2.76e+00,
776,3.80e+00,0.00e+00,-4.00e-02,2.76e+00,
777,-4.00e-01,-8.00e-02,1.60e-01,2.96e+00,
778,3.80e+00,-8.00e-02,1.60e-01,2.92e+00,
779,-4.00e-01,0.00e+00,-4.00e-02,2.76e+00,
780,3.80e+00,0.00e+00,1.60e-01,2.96e+00,
781,-4.00e-01,-8.00e-02,-8.00e-02,2.68e+00,
782,4.00e+00,0.00e+00,3.60e-01,3.32e+00,
783,-6.00e-01,-1.60e-01,-2.40e-01,2.48e+00,
784,3.80e+00,8.00e-02,2.00e-01,3.08e+00,
785,-4.00e-01,-8.00e-02,-4.00e-02,2.76e+00,
786,3.80e+00,0.00e+00,-4.00e-02,2.76e+00,
787,0.00e+00,-8.00e-02,1.60e-01,2.96e+00,
788,3.80e+00,0.00e+00,-4.00e-02,2.96e+00,
789,-4.00e-01,-8.00e-02,1.60e-01,2.76e+00,
790,4.00e+00,0.00e+00,3.60e-01,3.28e+00,
791,-2.00e-01,-1.60e-01,-2.80e-01,2.40e+00,
792,3.80e+00,0.00e+00,1.20e-01,2.76e+00,
793,-1.20e+00,-2.40e-01,-8.00e-02,3.00e+00,
794,3.80e+00,0.00e+00,-4.00e-02,3.00e+00,
795,-4.00e-01,-8.00e-02,1.60e-01,2.76e+00,
796,3.80e+00,0.00e+00,-1.20e-01,2.68e+00,
797,-4.00e-01,-1.60e-01,4.00e-01,3.44e+00,
798,3.80e+00,1.60e-01,-3.20e-01,2.96e+00,
799,-4.00e-01,-1.60e-01,1.60e-01,2.44e+00,
800,-4.00e-01,-8.00e-02,-4.00e-02,3.08e+00,
801,3.80e+00,0.00e+00,1.60e-01,2.80e+00,
802,3.80e+00,-8.00e-02,1.20e-01,3.00e+00,
803,-2.00e-01,0.00e+00,-8.00e-02,2.76e+00,
804,3.80e+00,-8.00e-02,-4.00e-02,2.80e+00,
805,-4.00e-01,0.00e+00,1.60e-01,3.00e+00,
806,3.80e+00,0.00e+00,-4.00e-02,2.80e+00,
807,-4.00e-01,-8.00e-02,2.00e-01,3.00e+00,
808,-4.00e-01,0.00e+00,3.60e-01,3.28e+00,
809,4.60e+00,-1.60e-01,-2.80e-01,2.48e+00,
810,3.80e+00,0.00e+00,-8.00e-02,2.80e+00,
811,-4.00e-01,-8.00e-02,1.60e-01,3.04e+00,
812,3.80e+00,0.00e+00,1.20e-01,3.00e+00,
813,-2.00e-01,-8.00e-02,-8.00e-02,2.80e+00,
814,3.80e+00,0.00e+00,1.60e-01,2.76e+00,
815,-4.00e-01,-8.00e-02,-1.20e-01,3.04e+00,
816,4.00e+00,-8.00e-02,2.80e-01,3.24e+00,
817,-4.00e-01,8.00e-02,-1.20e-01,2.72e+00,
818,3.80e+00,-8.00e-02,1.20e-01,2.80e+00,
819,-2.00e-01,0.00e+00,-8.00e-02,3.04e+00,
820,3.80e+00,0.00e+00,1.20e-01,3.00e+00,
821,-2.00e-01,-8.00e-02,-8.00e-02,2.80e+00,
822,3.80e+00,0.00e+00,1.60e-01,2.80e+00,
823,-4.00e-01,-8.00e-02,-4.00e-02,3.04e+00,
824,3.80e+00,0.00e+00,-4.00e-02,2.80e+00,
825,-4.00e-01,-8.00e-02,1.20e-01,3.04e+00,
826,3.80e+00,0.00e+00,1.60e-01,3.04e+00,
827,-4.00e-01,-1.60e-01,-8.00e-02,2.76e+00,
828,0.00e+00,0.00e+00,-8.00e-02,2.80e+00,
829,3.80e+00,-8.00e-02,1.20e-01,3.00e+00,
830,3.80e+00,0.00e+00,-4.00e-02,2.80e+00,
831,0.00e+00,-8.00e-02,1.20e-01,3.04e+00,
832,-2.00e-01,0.00e+00,-1.20e-01,2.64e+00,
833,4.00e+00,-8.00e-02,2.80e-01,3.20e+00,
834,4.60e+00,-1.60e-01,2.80e-01,3.12e+00,
835,-4.00e-01,0.00e+00,-1.20e-01,2.68e+00,
836,3.80e+00,0.00e+00,-4.00e-02,2.80e+00,
837,-4.00e-01,-1.60e-01,1.20e-01,3.04e+00,
838,3.80e+00,-8.00e-02,-8.00e-02,2.76e+00,
839,-4.00e-01,0.00e+00,2.40e-01,3.20e+00,
840,3.80e+00,0.00e+00,2.80e-01,3.24e+00,
841,-6.00e-01,-1.60e-01,-2.80e-01,2.52e+00,
842,-2.00e-01,-8.00e-02,-2.80e-01,2.44e+00,
843,3.80e+00,0.00e+00,2.40e-01,3.24e+00,
844,3.80e+00,-2.40e-01,-1.60e-01,3.20e+00,
845,-1.20e+00,8.00e-02,2.40e-01,2.72e+00,
846,3.80e+00,8.00e-02,-1.60e-01,2.72e+00,
847,-8.00e-01,-2.40e-01,1.60e-01,3.12e+00,
848,3.80e+00,0.00e+00,-2.80e-01,2.44e+00,
849,-1.20e+00,-1.60e-01,1.60e-01,3.08e+00,
850,3.80e+00,0.00e+00,-8.00e-02,3.04e+00,
851,-4.00e-01,-8.00e-02,1.60e-01,2.80e+00,
852,3.80e+00,0.00e+00,-4.00e-02,3.00e+00,
853,-4.00e-01,-8.00e-02,1.20e-01,2.80e+00,
854,0.00e+00,0.00e+00,-8.00e-02,2.80e+00,
855,3.80e+00,-8.00e-02,2.00e-01,3.04e+00,
856,3.80e+00,0.00e+00,-8.00e-02,2.80e+00,
857,-2.00e-01,-1.60e-01,1.20e-01,3.00e+00,
858,3.80e+00,-8.00e-02,-4.00e-02,3.04e+00,
859,-4.00e-01,0.00e+00,1.60e-01,2.80e+00,
860,3.80e+00,0.00e+00,-4.00e-02,3.04e+00,
861,-4.00e-01,-1.60e-01,1.60e-01,2.80e+00,
862,3.80e+00,-8.00e-02,-8.00e-02,2.80e+00,
863,-1.20e+00,0.00e+00,2.40e-01,3.16e+00,
864,3.80e+00,-8.00e-02,2.00e-01,2.40e+00,
865,-6.00e-01,8.00e-02,-3.20e-01,3.12e+00,
866,3.80e+00,0.00e+00,-2.80e-01,2.40e+00,
867,-4.00e-01,-1.60e-01,2.40e-01,3.20e+00,
868,-4.00e-01,0.00e+00,1.60e-01,3.04e+00,
869,4.40e+00,-1.60e-01,-1.20e-01,2.68e+00,
870,4.80e+00,-1.60e-01,-1.60e-01,2.56e+00,
871,-2.00e-01,1.60e-01,1.60e-01,3.12e+00,
872,4.00e+00,0.00e+00,-4.00e-02,3.36e+00,
873,-4.00e-01,-8.00e-02,3.20e-01,2.80e+00,
874,3.80e+00,0.00e+00,1.20e-01,3.04e+00,
875,-4.00e-01,-8.00e-02,-1.20e-01,2.72e+00,
876,3.80e+00,-8.00e-02,-8.00e-02,3.04e+00,
877,-2.00e-01,0.00e+00,1.60e-01,2.76e+00,
878,3.80e+00,-8.00e-02,1.60e-01,3.00e+00,
879,-4.00e-01,0.00e+00,-1.20e-01,2.76e+00,
880,3.80e+00,-8.00e-02,1.60e-01,3.04e+00,
881,-2.00e-01,0.00e+00,-8.00e-02,2.80e+00,
882,3.80e+00,0.00e+00,1.20e-01,3.00e+00,
883,-4.00e-01,-8.00e-02,-8.00e-02,2.80e+00,
884,3.80e+00,-8.00e-02,-8.00e-02,2.80e+00,
885,-4.00e-01,0.00e+00,1.20e-01,3.04e+00,
886,-4.00e-01,-1.60e-01,-1.20e-01,2.68e+00,
887,4.40e+00,8.00e-02,4.40e-01,3.40e+00,
888,3.80e+00,0.00e+00,-4.00e-02,2.76e+00,
889,-4.00e-01,-1.60e-01,2.00e-01,3.24e+00,
890,-4.00e-01,-8.00e-02,-2.80e-01,2.52e+00,
891,3.80e+00,0.00e+00,2.00e-01,3.16e+00,
892,-4.00e-01,0.00e+00,3.20e-01,3.36e+00,
893,4.60e+00,-1.60e-01,-1.20e-01,2.56e+00,
894,3.80e+00,0.00e+00,-4.00e-02,2.84e+00,
895,-2.00e-01,-1.60e-01,1.60e-01,3.04e+00,
896,3.80e+00,0.00e+00,1.20e-01,3.04e+00,
897,-4.00e-01,-8.00e-02,-8.00e-02,2.80e+00,
898,-4.00e-01,-8.00e-02,8.00e-02,2.80e+00,
899,3.80e+00,0.00e+00,-8.00e-02,3.00e+00,
900,3.80e+00,0.00e+00,1.20e-01,3.04e+00,
901,-2.00e-01,-1.60e-01,-8.00e-02,2.80e+00,
902,3.80e+00,0.00e+00,-4.00e-02,3.08e+00,
903,-4.00e-01,-8.00e-02,2.00e-01,2.80e+00,
904,3.80e+00,0.00e+00,1.60e-01,3.20e+00,
905,-1.20e+00,-8.00e-02,-1.20e-01,2.44e+00,
906,3.80e+00,-1.60e-01,2.00e-01,3.24e+00,
907,-6.00e-01,0.00e+00,-2.80e-01,2.48e+00,
908,3.80e+00,-8.00e-02,-8.00e-02,2.80e+00,
909,-4.00e-01,0.00e+00,1.60e-01,3.04e+00,
910,3.80e+00,0.00e+00,-8.00e-02,2.80e+00,
911,-4.00e-01,-1.60e-01,1.20e-01,3.04e+00,
912,-4.00e-01,-1.60e-01,-8.00e-02,2.52e+00,
913,4.40e+00,8.00e-02,2.80e-01,3.12e+00,
914,4.00e+00,0.00e+00,2.40e-01,3.20e+00,
915,-4.00e-01,-1.60e-01,-1.60e-01,2.60e+00,
916,-2.00e-01,-8.00e-02,-4.00e-02,2.80e+00,
917,3.80e+00,0.00e+00,1.60e-01,3.08e+00,
918,3.80e+00,0.00e+00,-4.00e-02,3.08e+00,
919,0.00e+00,-1.60e-01,1.60e-01,2.76e+00,
920,3.80e+00,0.00e+00,1.20e-01,3.04e+00,
921,-4.00e-01,-8.00e-02,-8.00e-02,2.80e+00,
922,3.80e+00,0.00e+00,8.00e-02,2.80e+00,
923,-4.00e-01,-8.00e-02,-8.00e-02,3.04e+00,
924,3.80e+00,-8.00e-02,-8.00e-02,2.80e+00,
925,-4.00e-01,0.00e+00,1.20e-01,3.04e+00,
926,3.80e+00,0.00e+00,-8.00e-02,2.80e+00,
927,-4.00e-01,-1.60e-01,1.20e-01,3.04e+00,
928,3.80e+00,-8.00e-02,1.60e-01,2.80e+00,
929,-2.00e-01,0.00e+00,-8.00e-02,3.00e+00,
930,0.00e+00,0.00e+00,1.20e-01,3.00e+00,
931,3.80e+00,-8.00e-02,-8.00e-02,2.80e+00,
932,-4.00e-01,0.00e+00,-8.00e-02,3.00e+00,
933,3.80e+00,-8.00e-02,1.60e-01,2.80e+00,
934,0.00e+00,0.00e+00,-4.00e-02,2.80e+00,
935,3.80e+00,-8.00e-02,1.60e-01,3.04e+00,
936,3.80e+00,0.00e+00,-8.00e-02,3.00e+00,
937,-4.00e-01,-8.00e-02,1.20e-01,2.80e+00,
938,3.80e+00,0.00e+00,-4.00e-02,2.84e+00,
939,-4.00e-01,-8.00e-02,1.60e-01,3.04e+00,
940,-4.00e-01,1.60e-01,4.00e-01,2.80e+00,
941,4.40e+00,-1.60e-01,-8.00e-02,3.24e+00,
942,3.80e+00,0.00e+00,-1.20e-01,2.72e+00,
943,-1.20e+00,-1.60e-01,2.40e-01,3.24e+00,
944,3.80e+00,0.00e+00,1.60e-01,2.40e+00,
945,-6.00e-01,-1.60e-01,-2.80e-01,3.20e+00,
946,3.80e+00,0.00e+00,1.60e-01,3.04e+00,
947,-4.00e-01,-8.00e-02,-8.00e-02,2.80e+00,
948,-2.00e-01,0.00e+00,1.20e-01,3.04e+00,
949,4.20e+00,-1.60e-01,-1.60e-01,2.60e+00,
950,4.60e+00,1.60e-01,-1.20e-01,2.72e+00,
951,-4.00e-01,-1.60e-01,1.60e-01,3.12e+00,
952,-4.00e-01,0.00e+00,3.20e-01,3.40e+00,
953,4.00e+00,-1.60e-01,-8.00e-02,2.76e+00,
954,3.80e+00,-8.00e-02,-4.00e-02,2.80e+00,
955,-4.00e-01,0.00e+00,1.60e-01,3.04e+00,
956,3.80e+00,0.00e+00,1.60e-01,2.80e+00,
957,-2.00e-01,-8.00e-02,-8.00e-02,3.04e+00,
958,3.80e+00,0.00e+00,-8.00e-02,2.76e+00,
959,-4.00e-01,-8.00e-02,1.60e-01,3.04e+00,
960,3.80e+00,-8.00e-02,1.60e-01,3.00e+00,
961,-2.00e-01,0.00e+00,-4.00e-02,2.80e+00,
962,3.80e+00,0.00e+00,1.20e-01,2.80e+00,
963,-4.00e-01,-8.00e-02,-8.00e-02,3.00e+00,
964,-2.00e-01,0.00e+00,-4.00e-02,2.80e+00,
965,3.80e+00,-8.00e-02,1.20e-01,3.04e+00,
966,3.80e+00,-8.00e-02,-8.00e-02,3.00e+00,
967,-4.00e-01,0.00e+00,1.60e-01,2.80e+00,
968,3.80e+00,-8.00e-02,1.20e-01,3.04e+00,
969,-4.00e-01,0.00e+00,-8.00e-02,2.80e+00,
970,3.80e+00,0.00e+00,-8.00e-02,3.04e+00,
971,-4.00e-01,-8.00e-02,1.20e-01,2.80e+00,
972,3.80e+00,0.00e+00,-8.00e-02,3.00e+00,
973,-4.00e-01,-8.00e-02,1.60e-01,2.76e+00,
974,-4.00e-01,0.00e+00,-8.00e-02,3.44e+00,
975,4.00e+00,-1.60e-01,3.20e-01,2.72e+00,
976,3.80e+00,0.00e+00,1.20e-01,3.04e+00,
977,-1.00e+00,-2.40e-01,-2.40e-01,2.40e+00,
978,3.80e+00,-8.00e-02,-4.00e-02,3.00e+00,
979,0.00e+00,0.00e+00,1.20e-01,2.80e+00,
980,3.80e+00,-8.00e-02,-8.00e-02,2.80e+00,
981,-2.00e-01,0.00e+00,1.60e-01,3.04e+00,
982,3.80e+00,0.00e+00,1.20e-01,2.80e+00,
983,-2.00e-01,-8.00e-02,-8.00e-02,3.04e+00,
984,-4.00e-01,-1.60e-01,-8.00e-02,2.72e+00,
985,4.20e+00,8.00e-02,2.40e-01,3.12e+00,
986,-2.00e-01,0.00e+00,-8.00e-02,2.72e+00,
987,3.80e+00,-8.00e-02,1.60e-01,3.04e+00,
988,-2.00e-01,0.00e+00,-8.00e-02,3.04e+00,
989,3.80e+00,-8.00e-02,1.20e-01,2.80e+00,
990,-2.00e-01,0.00e+00,1.20e-01,3.00e+00,
991,3.80e+00,-8.00e-02,-8.00e-02,2.80e+00,
992,3.80e+00,-8.00e-02,1.20e-01,2.80e+00,
993,-4.00e-01,0.00e+00,-4.00e-02,3.04e+00,
994,3.80e+00,-8.00e-02,-8.00e-02,3.00e+00,
995,-2.00e-01,0.00e+00,1.60e-01,2.80e+00,
996,3.80e+00,0.00e+00,1.60e-01,3.04e+00,
997,-4.00e-01,-8.00e-02,-8.00e-02,2.80e+00,
998,4.60e+00,8.00e-02,2.40e-01,3.28e+00,
999,-6.00e-01,-1.60e-01,-2.40e-01,2.52e+00,
1000,-1.20e+00,8.00e-02,1.60e-01,2.80e+00,
1001,3.80e+00,-2.40e-01,-8.00e-02,3.08e+00,
1002,3.80e+00,-8.00e-02,1.20e-01,3.04e+00,
1003,-2.00e-01,0.00e+00,-8.00e-02,2.80e+00,
1004,3.80e+00,0.00e+00,-8.00e-02,2.80e+00,
1005,-4.00e-01,-8.00e-02,1.60e-01,3.04e+00,
1006,3.80e+00,0.00e+00,-8.00e-02,2.84e+00,
1007,-4.00e-01,-8.00e-02,1.60e-01,3.04e+00,
1008,3.80e+00,0.00e+00,-8.00e-02,2.80e+00,
1009,-4.00e-01,-8.00e-02,1.60e-01,3.04e+00,
1010,3.80e+00,0.00e+00,1.60e-01,3.00e+00,
1011,-2.00e-01,-8.00e-02,-8.00e-02,2.76e+00,
1012,0.00e+00,0.00e+00,2.80e-01,3.24e+00,
1013,4.60e+00,-1.60e-01,-2.00e-01,2.52e+00,
1014,3.80e+00,-1.60e-01,2.40e-01,3.24e+00,
1015,-6.00e-01,0.00e+00,-1.20e-01,2.68e+00,
1016,3.80e+00,0.00e+00,-2.80e-01,3.08e+00,
1017,-1.20e+00,-1.60e-01,2.80e-01,2.80e+00,
1018,3.80e+00,0.00e+00,-8.00e-02,2.80e+00,
1019,-2.00e-01,-8.00e-02,1.20e-01,3.04e+00,
1020,-4.00e-01,-8.00e-02,-4.00e-02,2.80e+00,
1021,3.80e+00,0.00e+00,1.20e-01,3.04e+00,
1022,3.80e+00,-8.00e-02,1.20e-01,2.80e+00,
1023,-4.00e-01,0.00e+00,-8.00e-02,3.04e+00,
1024,-4.00e-01,0.00e+00,1.20e-01,2.80e+00,
1025,3.80e+00,-8.00e-02,-4.00e-02,3.00e+00,
1026,-4.00e-01,-8.00e-02,1.20e-01,2.80e+00,
1027,3.80e+00,0.00e+00,-8.00e-02,3.04e+00,
1028,3.80e+00,-8.00e-02,1.60e-01,3.04e+00,
1029,-4.00e-01,0.00e+00,-8.00e-02,2.80e+00,
1030,3.80e+00,-8.00e-02,1.60e-01,2.80e+00,
1031,-4.00e-01,0.00e+00,-8.00e-02,3.04e+00,
1032,3.80e+00,0.00e+00,-8.00e-02,2.80e+00,
1033,0.00e+00,-8.00e-02,1.60e-01,3.04e+00,
1034,3.80e+00,0.00e+00,-8.00e-02,3.04e+00,
1035,-4.00e-01,-8.00e-02,1.60e-01,2.80e+00,
1036,3.80e+00,0.00e+00,-4.00e-02,2.80e+00,
1037,-2.00e-01,-8.00e-02,1.20e-01,3.00e+00,
1038,-2.00e-01,-8.00e-02,-4.00e-02,2.84e+00,
1039,3.80e+00,0.00e+00,1.60e-01,3.04e+00,
1040,-2.00e-01,0.00e+00,1.60e-01,2.80e+00,
1041,3.80e+00,-1.60e-01,-8.00e-02,3.00e+00,
1042,0.00e+00,-8.00e-02,-8.00e-02,2.80e+00,
1043,3.80e+00,0.00e+00,1.60e-01,3.00e+00,
1044,0.00e+00,-8.00e-02,1.20e-01,3.00e+00,
1045,3.80e+00,0.00e+00,-8.00e-02,2.80e+00,
1046,3.80e+00,8.00e-02,2.40e-01,3.20e+00,
1047,-1.20e+00,-2.40e-01,-2.80e-01,2.44e+00,
1048,-4.00e-01,0.00e+00,-1.60e-01,2.60e+00,
1049,4.60e+00,-1.60e-01,3.20e-01,3.40e+00,
1050,-2.00e-01,0.00e+00,3.60e-01,3.44e+00,
1051,4.00e+00,-8.00e-02,-1.60e-01,2.56e+00,
1052,3.80e+00,-8.00e-02,1.60e-01,2.80e+00,
1053,-2.00e-01,0.00e+00,-8.00e-02,3.04e+00,
1054,3.80e+00,0.00e+00,1.60e-01,3.08e+00,
1055,-2.00e-01,-1.60e-01,-1.20e-01,2.68e+00,
1056,-2.00e-01,0.00e+00,-1.60e-01,2.56e+00,
1057,4.00e+00,-1.60e-01,4.00e-01,3.44e+00,
1058,3.80e+00,0.00e+00,-8.00e-02,2.72e+00,
1059,-4.00e-01,-1.60e-01,1.60e-01,3.04e+00,
1060,3.80e+00,0.00e+00,1.20e-01,3.04e+00,
1061,-4.00e-01,-8.00e-02,-8.00e-02,2.80e+00,
1062,3.80e+00,-8.00e-02,-8.00e-02,3.04e+00,
1063,-4.00e-01,0.00e+00,1.60e-01,2.76e+00,
1064,-4.00e-01,0.00e+00,-8.00e-02,2.68e+00,
1065,4.00e+00,-1.60e-01,2.00e-01,3.12e+00,
1066,4.00e+00,0.00e+00,-1.20e-01,2.60e+00,
1067,-6.00e-01,-1.60e-01,1.60e-01,3.08e+00,
1068,3.80e+00,-8.00e-02,-2.40e-01,2.52e+00,
1069,-4.00e-01,8.00e-02,2.40e-01,3.20e+00,
1070,-4.00e-01,0.00e+00,-4.00e-02,2.84e+00,
1071,3.80e+00,-8.00e-02,1.20e-01,3.04e+00,
1072,3.80e+00,0.00e+00,1.60e-01,3.04e+00,
1073,-4.00e-01,-8.00e-02,-8.00e-02,2.80e+00,
1074,3.80e+00,0.00e+00,1.60e-01,3.00e+00,
1075,-4.00e-01,-8.00e-02,-8.00e-02,2.80e+00,
1076,3.80e+00,-8.00e-02,-4.00e-02,3.04e+00,
1077,-4.00e-01,0.00e+00,1.60e-01,2.80e+00,
1078,3.80e+00,-8.00e-02,-8.00e-02,3.08e+00,
1079,-4.00e-01,0.00e+00,2.00e-01,2.80e+00,
1080,0.00e+00,0.00e+00,-4.00e-02,3.04e+00,
1081,3.80e+00,-8.00e-02,1.60e-01,2.80e+00,
1082,3.80e+00,0.00e+00,-2.00e-01,2.52e+00,
1083,-6.00e-01,-2.40e-01,2.40e-01,3.28e+00,
1084,4.40e+00,0.00e+00,-2.00e-01,2.52e+00,
1085,-4.00e-01,-1.60e-01,4.00e-01,3.28e+00,
1086,-4.00e-01,0.00e+00,1.20e-01,2.80e+00,
1087,3.80e+00,-8.00e-02,-8.00e-02,3.04e+00,
1088,3.80e+00,0.00e+00,-8.00e-02,3.00e+00,
1089,-4.00e-01,-8.00e-02,1.60e-01,2.76e+00,
1090,3.80e+00,-8.00e-02,8.00e-02,3.00e+00,
1091,-4.00e-01,0.00e+00,-8.00e-02,2.84e+00,
1092,3.80e+00,0.00e+00,-4.00e-02,2.80e+00,
1093,-2.00e-01,-8.00e-02,1.20e-01,3.04e+00,
1094,3.80e+00,-8.00e-02,-8.00e-02,2.80e+00,
1095,-2.00e-01,0.00e+00,1.60e-01,3.04e+00,
1096,-4.00e-01,-8.00e-02,1.20e-01,3.00e+00,
1097,3.80e+00,0.00e+00,-8.00e-02,2.80e+00,
1098,3.80e+00,-8.00e-02,1.60e-01,3.00e+00,
1099,-2.00e-01,0.00e+00,-8.00e-02,2.80e+00,
1100,3.80e+00,0.00e+00,-8.00e-02,2.80e+00,
1101,-4.00e-01,-8.00e-02,1.20e-01,3.00e+00,
1102,0.00e+00,0.00e+00,-4.00e-02,2.80e+00,
1103,3.80e+00,-8.00e-02,1.20e-01,3.04e+00,
1104,3.80e+00,-8.00e-02,-4.00e-02,3.04e+00,
1105,0.00e+00,0.00e+00,1.20e-01,2.80e+00,
1106,3.80e+00,0.00e+00,1.60e-01,2.80e+00,
1107,-2.00e-01,-8.00e-02,-8.00e-02,3.04e+00,
1108,3.80e+00,0.00e+00,2.40e-01,3.20e+00,
1109,-4.00e-01,-8.00e-02,-1.20e-01,2.72e+00,
1110,-2.00e-01,0.00e+00,3.60e-01,3.40e+00,
1111,4.60e+00,-1.60e-01,-1.20e-01,2.64e+00,
1112,4.00e+00,0.00e+00,-1.60e-01,2.60e+00,
1113,-4.00e-01,-1.60e-01,3.20e-01,3.28e+00,
1114,4.00e+00,0.00e+00,-1.60e-01,2.64e+00,
1115,-4.00e-01,-1.60e-01,1.60e-01,3.04e+00,
1116,-4.00e-01,0.00e+00,1.20e-01,3.00e+00,
1117,3.80e+00,-8.00e-02,-8.00e-02,2.76e+00,
1118,3.80e+00,0.00e+00,-8.00e-02,2.76e+00,
1119,-4.00e-01,-8.00e-02,1.60e-01,3.00e+00,
1120,3.80e+00,-8.00e-02,1.20e-01,3.00e+00,
1121,-4.00e-01,0.00e+00,-8.00e-02,2.76e+00,
1122,3.80e+00,0.00e+00,1.20e-01,3.04e+00,
1123,-2.00e-01,-8.00e-02,-8.00e-02,2.76e+00,
1124,0.00e+00,-8.00e-02,-8.00e-02,2.76e+00,
1125,3.80e+00,0.00e+00,1.20e-01,3.00e+00,
1126,0.00e+00,-8.00e-02,-4.00e-02,3.04e+00,
1127,3.80e+00,0.00e+00,1.60e-01,2.80e+00,
1128,-4.00e-01,0.00e+00,1.20e-01,2.80e+00,
1129,3.80e+00,-8.00e-02,-4.00e-02,3.00e+00,
1130,3.80e+00,-8.00e-02,-4.00e-02,2.80e+00,
1131,0.00e+00,0.00e+00,1.60e-01,3.00e+00,
1132,3.80e+00,-8.00e-02,-4.00e-02,2.96e+00,
1133,-4.00e-01,0.00e+00,1.20e-01,2.80e+00,
1134,3.80e+00,8.00e-02,1.20e-01,2.52e+00,
1135,-6.00e-01,-1.60e-01,-2.80e-01,3.00e+00,
1136,0.00e+00,-8.00e-02,2.80e-01,3.32e+00,
1137,4.60e+00,8.00e-02,-1.20e-01,2.60e+00,
1138,3.80e+00,0.00e+00,1.60e-01,3.04e+00,
1139,-4.00e-01,-8.00e-02,-1.20e-01,2.76e+00,
1140,3.80e+00,0.00e+00,1.60e-01,2.80e+00,
1141,-4.00e-01,-8.00e-02,-8.00e-02,3.04e+00,
1142,0.00e+00,0.00e+00,1.20e-01,3.00e+00,
1143,3.80e+00,-8.00e-02,-8.00e-02,2.76e+00,
1144,3.80e+00,0.00e+00,1.60e-01,3.00e+00,
1145,-4.00e-01,-8.00e-02,-1.20e-01,2.72e+00,
1146,0.00e+00,-8.00e-02,1.20e-01,3.00e+00,
1147,3.80e+00,0.00e+00,-8.00e-02,2.76e+00,
1148,3.80e+00,0.00e+00,2.40e-01,3.24e+00,
1149,-6.00e-01,-8.00e-02,-2.40e-01,2.52e+00,
1150,-2.00e-01,0.00e+00,1.20e-01,2.80e+00,
1151,4.00e+00,-8.00e-02,-8.00e-02,3.12e+00,
1152,4.00e+00,0.00e+00,3.20e-01,3.40e+00,
1153,-4.00e-01,-8.00e-02,-1.20e-01,2.64e+00,
1154,3.80e+00,0.00e+00,-8.00e-02,2.84e+00,
1155,-4.00e-01,-1.60e-01,1.20e-01,3.00e+00,
1156,3.80e+00,0.00e+00,2.00e-01,2.80e+00,
1157,-4.00e-01,-1.60e-01,-8.00e-02,3.04e+00,
1158,3.80e+00,-8.00e-02,1.20e-01,3.00e+00,
1159,0.00e+00,0.00e+00,-1.20e-01,2.76e+00,
1160,3.80e+00,0.00e+00,-8.00e-02,2.80e+00,
1161,-4.00e-01,-8.00e-02,1.20e-01,3.00e+00,
1162,3.80e+00,0.00e+00,1.20e-01,2.80e+00,
1163,-2.00e-01,-8.00e-02,-8.00e-02,3.04e+00,
1164,3.80e+00,-8.00e-02,-8.00e-02,3.04e+00,
1165,-2.00e-01,0.00e+00,1.60e-01,2.76e+00,
1166,3.80e+00,0.00e+00,1.60e-01,3.00e+00,
1167,-4.00e-01,-8.00e-02,-8.00e-02,2.80e+00,
1168,3.80e+00,-1.60e-01,1.60e-01,3.12e+00,
1169,-6.00e-01,8.00e-02,-1.60e-01,2.64e+00,
1170,3.80e+00,-8.00e-02,2.40e-01,2.80e+00,
1171,-4.00e-01,0.00e+00,-8.00e-02,3.20e+00,
1172,3.80e+00,0.00e+00,-8.00e-02,2.80e+00,
1173,-4.00e-01,-1.60e-01,1.60e-01,3.04e+00,
1174,4.00e+00,-8.00e-02,3.20e-01,3.44e+00,
1175,-4.00e-01,0.00e+00,-1.60e-01,2.60e+00,
1176,3.80e+00,0.00e+00,1.20e-01,3.00e+00,
1177,-2.00e-01,-8.00e-02,-8.00e-02,2.84e+00,
1178,-4.00e-01,0.00e+00,1.60e-01,2.80e+00,
1179,3.80e+00,-8.00e-02,-8.00e-02,3.00e+00,
1180,3.80e+00,0.00e+00,-8.00e-02,2.80e+00,
1181,-4.00e-01,-8.00e-02,1.60e-01,3.00e+00,
1182,-4.00e-01,-8.00e-02,1.20e-01,2.80e+00,
1183,3.80e+00,0.00e+00,-8.00e-02,3.04e+00,
1184,3.80e+00,0.00e+00,1.20e-01,3.00e+00,
1185,-4.00e-01,-8.00e-02,-8.00e-02,2.76e+00,
1186,-4.00e-01,0.00e+00,-8.00e-02,3.44e+00,
1187,4.00e+00,-1.60e-01,4.00e-01,2.72e+00,
1188,-4.00e-01,-1.60e-01,-2.00e-01,3.08e+00,
1189,4.00e+00,0.00e+00,1.60e-01,2.56e+00,
1190,3.80e+00,0.00e+00,1.60e-01,2.76e+00,
1191,-1.20e+00,-8.00e-02,-4.00e-02,3.12e+00,
1192,3.80e+00,0.00e+00,-8.00e-02,2.80e+00,
1193,-4.00e-01,-1.60e-01,1.60e-01,3.08e+00,
1194,-2.00e-01,0.00e+00,1.20e-01,3.04e+00,
1195,3.80e+00,-8.00e-02,-8.00e-02,2.80e+00,
1196,3.80e+00,0.00e+00,1.20e-01,2.80e+00,
1197,-4.00e-01,-8.00e-02,-8.00e-02,3.04e+00,
1198,3.80e+00,0.00e+00,-4.00e-02,2.80e+00,
1199,-4.00e-01,-1.60e-01,1.20e-01,3.04e+00,
